Content,visitor,time
100,1,2020-10-30 20:00:00.000
200,1,2020-10-30 19:00:00.000
300,1,2020-10-30 19:00:00.000
400,1,2020-10-30 19:00:00.000
500,1,2020-10-30 19:00:00.000
600,1,2020-10-30 20:00:00.000
700,1,2020-10-30 19:00:00.000
800,1,2020-10-30 20:00:00.000
100,2,2020-10-30 19:00:00.000
200,2,2020-10-30 18:00:00.000
300,2,2020-10-30 22:00:00.000
400,2,2020-10-30 22:00:00.000
500,2,2020-10-30 22:00:00.000
600,2,2020-10-30 18:00:00.000
100,3,2020-10-30 18:00:00.000
200,3,2020-10-30 22:00:00.000
300,3,2020-10-30 18:00:00.000
400,3,2020-10-30 23:00:00.000
500,3,2020-10-30 23:00:00.000
600,3,2020-10-31 01:00:00.000
700,3,2020-10-30 23:00:00.000
800,3,2020-10-30 17:00:00.000
900,3,2020-10-30 17:00:00.000
100,4,2020-10-30 22:00:00.000
200,4,2020-10-30 22:00:00.000
500,4,2020-10-30 17:00:00.000
400,4,2020-10-30 17:00:00.000
500,4,2020-10-30 22:00:00.000
600,4,2020-10-31 01:00:00.000
700,4,2020-10-31 01:00:00.000
800,4,2020-10-31 01:00:00.000
100,5,2020-10-30 18:00:00.000
200,5,2020-10-30 17:00:00.000
300,5,2020-10-31 01:00:00.000
400,5,2020-10-30 21:00:00.000
500,5,2020-10-31 01:00:00.000
100,6,2020-10-30 18:00:00.000
200,6,2020-10-30 17:00:00.000
300,6,2020-10-31 01:00:00.000
400,6,2020-10-30 21:00:00.000
500,6,2020-10-31 01:00:00.000
100,7,2020-10-30 18:00:00.000
200,7,2020-10-30 17:00:00.000
300,7,2020-10-31 01:00:00.000
400,7,2020-10-30 21:00:00.000
500,7,2020-10-31 01:00:00.000
100,8,2020-10-30 18:00:00.000
200,8,2020-10-30 17:00:00.000
300,8,2020-10-31 01:00:00.000
400,8,2020-10-30 21:00:00.000
500,8,2020-10-31 01:00:00.000
100,9,2020-10-30 18:00:00.000
200,9,2020-10-30 17:00:00.000
300,9,2020-10-31 01:00:00.000
400,9,2020-10-30 21:00:00.000
500,9,2020-10-31 01:00:00.000
100,10,2020-10-30 20:00:00.000
200,10,2020-10-30 19:00:00.000
300,10,2020-10-30 19:00:00.000
400,10,2020-10-30 19:00:00.000
500,10,2020-10-30 19:00:00.000
600,10,2020-10-30 20:00:00.000
700,10,2020-10-30 19:00:00.000
800,10,2020-10-30 20:00:00.000
100,11,2020-10-30 20:00:00.000
200,11,2020-10-30 19:00:00.000
300,11,2020-10-30 19:00:00.000
400,11,2020-10-30 19:00:00.000
800,11,2020-10-30 19:00:00.000
600,11,2020-10-30 20:00:00.000
700,11,2020-10-30 19:00:00.000
800,11,2020-10-30 20:00:00.000
100,12,2020-10-30 20:00:00.000
200,12,2020-10-30 19:00:00.000
400,12,2020-10-30 19:00:00.000
400,12,2020-10-30 19:00:00.000
500,12,2020-10-30 19:00:00.000
600,12,2020-10-30 20:00:00.000
700,12,2020-10-30 19:00:00.000
800,12,2020-10-30 20:00:00.000
